﻿designator,quantity,value,pack,mpn,mount_type
"H1, H2, H3, H4",4,MountingHole_Pad,MountingHole_3.2mm_M3_DIN965_Pad_TopBottom,,tht
J1,1,GPIO,PinSocket_2x20_P2.54mm_Vertical,,tht
"J2, J3, J4, J5, J6, J7",6,Conn_01x04_Socket,JST_SH_BM04B-SRSS-TB_1x04-1MP_P1.00mm_Vertical,,smt
JP1,1,ID_WP,SolderJumper-3_P2.0mm_Open_TrianglePad1.0x1.5mm_NumberLabels,,tht
"MH1, MH2, MH3, MH4",4,MountingHole_2.7mm_M2.5,MountingHole_2.7mm_M2.5,,tht
"R1, R2",2,3.9k,R_0612_1632Metric_Pad1.18x3.40mm_HandSolder,,smt
U1,1,CAT24C256,SOIC127P600X175-8M,,smt
