﻿pos_x,pos_y,rotation,side,designator,mpn,pack,value,mount_type,place
61.5,52.5,0.0,top,H1,,MountingHole_3.2mm_M3_DIN965_Pad_TopBottom,MountingHole_Pad,tht,True
61.5,3.5,0.0,top,H2,,MountingHole_3.2mm_M3_DIN965_Pad_TopBottom,MountingHole_Pad,tht,True
3.5,3.5,0.0,top,H3,,MountingHole_3.2mm_M3_DIN965_Pad_TopBottom,MountingHole_Pad,tht,True
3.5,52.5,0.0,top,H4,,MountingHole_3.2mm_M3_DIN965_Pad_TopBottom,MountingHole_Pad,tht,True
8.37,51.23,-90.0,bottom,J1,,PinSocket_2x20_P2.54mm_Vertical,GPIO,tht,True
2.485,43.41,90.0,top,J2,,JST_SH_BM04B-SRSS-TB_1x04-1MP_P1.00mm_Vertical,Conn_01x04_Socket,smt,True
2.485,15.01,90.0,top,J3,,JST_SH_BM04B-SRSS-TB_1x04-1MP_P1.00mm_Vertical,Conn_01x04_Socket,smt,True
12.93,2.485,180.0,top,J4,,JST_SH_BM04B-SRSS-TB_1x04-1MP_P1.00mm_Vertical,Conn_01x04_Socket,smt,True
21.82,2.485,180.0,top,J5,,JST_SH_BM04B-SRSS-TB_1x04-1MP_P1.00mm_Vertical,Conn_01x04_Socket,smt,True
30.71,2.485,180.0,top,J6,,JST_SH_BM04B-SRSS-TB_1x04-1MP_P1.00mm_Vertical,Conn_01x04_Socket,smt,True
39.6,2.485,180.0,top,J7,,JST_SH_BM04B-SRSS-TB_1x04-1MP_P1.00mm_Vertical,Conn_01x04_Socket,smt,True
36.83,40.64,180.0,top,JP1,,SolderJumper-3_P2.0mm_Open_TrianglePad1.0x1.5mm_NumberLabels,ID_WP,tht,True
3.5,52.5,0.0,top,MH1,,MountingHole_2.7mm_M2.5,MountingHole_2.7mm_M2.5,tht,False
61.5,52.5,0.0,top,MH2,,MountingHole_2.7mm_M2.5,MountingHole_2.7mm_M2.5,tht,False
3.5,3.5,0.0,top,MH3,,MountingHole_2.7mm_M2.5,MountingHole_2.7mm_M2.5,tht,False
61.5,3.5,0.0,top,MH4,,MountingHole_2.7mm_M2.5,MountingHole_2.7mm_M2.5,tht,False
38.5325,46.99,0.0,top,R1,,R_0612_1632Metric_Pad1.18x3.40mm_HandSolder,3.9k,smt,True
43.6125,46.99,180.0,top,R2,,R_0612_1632Metric_Pad1.18x3.40mm_HandSolder,3.9k,smt,True
45.992,40.005,180.0,top,U1,,SOIC127P600X175-8M,CAT24C256,smt,True
