﻿pos_x,pos_y,rotation,side,designator,mpn,pack,value,mount_type,place
50.8,-30.48,0.0,top,H101,,MountingHole_5.3mm_M5_ISO14580_Pad_TopBottom,MountingHole_Pad,tht,True
124.46,-30.226,0.0,top,H102,,MountingHole_5.3mm_M5_ISO14580_Pad_TopBottom,MountingHole_Pad,tht,True
50.8,-71.12,0.0,top,H103,,MountingHole_5.3mm_M5_ISO14580_Pad_TopBottom,MountingHole_Pad,tht,True
124.46,-71.12,0.0,top,H104,,MountingHole_5.3mm_M5_ISO14580_Pad_TopBottom,MountingHole_Pad,tht,True
57.36,-50.8,0.0,top,J101,,AMASS_XT60-M_1x02_P7.20mm_Vertical,Conn_01x02_Pin,tht,True
77.47,-64.35,90.0,top,J102,,AMASS_XT60-M_1x02_P7.20mm_Vertical,Conn_01x02_Socket,tht,True
88.9,-64.35,90.0,top,J103,,AMASS_XT60-M_1x02_P7.20mm_Vertical,Conn_01x02_Socket,tht,True
100.33,-64.35,90.0,top,J104,,AMASS_XT60-M_1x02_P7.20mm_Vertical,Conn_01x02_Socket,tht,True
111.76,-64.56,90.0,top,J105,,AMASS_XT60-M_1x02_P7.20mm_Vertical,Conn_01x02_Socket,tht,True
111.76,-36.786,-90.0,top,J106,,AMASS_XT60-M_1x02_P7.20mm_Vertical,Conn_01x02_Socket,tht,True
100.33,-36.786,-90.0,top,J107,,AMASS_XT60-M_1x02_P7.20mm_Vertical,Conn_01x02_Socket,tht,True
88.9,-36.786,-90.0,top,J108,,AMASS_XT60-M_1x02_P7.20mm_Vertical,Conn_01x02_Socket,tht,True
77.47,-37.25,-90.0,top,J109,,AMASS_XT60-M_1x02_P7.20mm_Vertical,Conn_01x02_Socket,tht,True
124.511,-53.599,90.0,top,J110,,"TerminalBlock_Phoenix_MKDS-1,5-2-5.08_1x02_P5.08mm_Horizontal",Screw_Terminal_01x02,tht,True
